<?xml version="1.0" encoding="UTF-8"?>
<project-private xmlns="http://www.netbeans.org/ns/project-private/1">
    <editor-bookmarks xmlns="http://www.netbeans.org/ns/editor-bookmarks/2" lastBookmarkId="0"/>
    <open-files xmlns="http://www.netbeans.org/ns/projectui-open-files/2">
        <group>
            <file>file:/C:/Users/Cheryl%20Ong/Documents/NetBeansProjects/AdvWebCA/web/index.html</file>
            <file>file:/C:/Users/Cheryl%20Ong/Documents/NetBeansProjects/AdvWebCA/src/java/Hand.java</file>
            <file>file:/C:/Users/Cheryl%20Ong/Documents/NetBeansProjects/AdvWebCA/src/java/Suit.java</file>
            <file>file:/C:/Users/Cheryl%20Ong/Documents/NetBeansProjects/AdvWebCA/web/WEB-INF/AdvWebCACSS.css</file>
            <file>file:/C:/Users/Cheryl%20Ong/Documents/NetBeansProjects/AdvWebCA/src/java/GenerateCardManager.java</file>
            <file>file:/C:/Users/Cheryl%20Ong/Documents/NetBeansProjects/AdvWebCA/web/WEB-INF/index.js</file>
            <file>file:/C:/Users/Cheryl%20Ong/Documents/NetBeansProjects/AdvWebCA/src/java/Game.java</file>
            <file>file:/C:/Users/Cheryl%20Ong/Documents/NetBeansProjects/AdvWebCA/src/java/Card.java</file>
            <file>file:/C:/Users/Cheryl%20Ong/Documents/NetBeansProjects/AdvWebCA/src/java/Rank.java</file>
            <file>file:/C:/Users/Cheryl%20Ong/Documents/NetBeansProjects/AdvWebCA/src/java/generateCard.java</file>
        </group>
    </open-files>
</project-private>
